Pais;Continente
Inglaterra;Europa
España;Europa
Alemania;Europa
Italia;Europa
Francia;Europa
Portugal;Europa
Holanda;Europa
Bélgica;Europa
Brasil;América del Sur
Argentina;América del Sur
Uruguay;América del Sur
Colombia;América del Sur
Ecuador;América del Sur
Chile;América del Sur
Perú;América del Sur
Estados Unidos;América del Norte
México;América del Norte
Canadá;América del Norte
Marruecos;África
Senegal;África
Nigeria;África
Costa de Marfil;África
Egipto;África
Camerún;África
Ghana;África
Japón;Asia
Corea del Sur;Asia
Arabia Saudita;Asia
Australia;Oceanía
Croacia;Europa
Suiza;Europa
Dinamarca;Europa
Suecia;Europa
Noruega;Europa
Polonia;Europa
Turquía;Europa
Ucrania;Europa
Serbia;Europa
Austria;Europa
Escocia;Europa
Hungría;Europa
Irlanda;Europa
República Checa;Europa
Gales;Europa
Eslovaquia;Europa
Paraguay;América del Sur
Venezuela;América del Sur
Argelia;África
Túnez;África
Sudáfrica;África
